name,vertical,address,city,state,phone,website,types,lead_score,priority,review_count,rating,on_ubereats,on_grubhub,contact_by_date,latitude,longitude,place_id
Vallarta Supermarkets,restaurants,"16040 Sherman Way, Van Nuys, CA 91406, USA",Los Angeles,CA,(818) 290-5131,https://vallartasupermarkets.com/store-locations/van-nuys-6/,"bakery,establishment,food,grocery_or_supermarket,point_of_interest,store,supermarket",100,Critical,1024,4.2,True,False,2026-01-31,34.2003241,-118.4830209,ChIJrTz5KWKXwoAROAZd883H7QQ
Ralphs,restaurants,"1233 N La Brea Ave, West Hollywood, CA 90038, USA",Los Angeles,CA,(323) 876-8790,https://www.ralphs.com/stores/grocery/ca/west-hollywood/la-brea-marketplace/703/00293?cid=loc_70300293_gmb,"bakery,establishment,florist,food,grocery_or_supermarket,health,liquor_store,point_of_interest,store",100,Critical,935,4.0,True,True,2026-01-31,34.0934927,-118.3446193,ChIJG09LcCi_woARoaEpRpt5JsY
Uwajimaya Seattle,restaurants,"600 5th Ave S, Seattle, WA 98104, USA",Seattle,WA,(206) 624-6248,https://www.uwajimaya.com/visit/seattle/?utm_source=localprofiles&utm_medium=organic&utm_content=seattle&utm_campaign=fm,"establishment,food,grocery_or_supermarket,point_of_interest,store,supermarket",100,Critical,10247,4.6,False,True,2026-01-31,47.5968404,-122.3267453,ChIJq9nX27xqkFQRu05rxkrN7f4
Safeway,restaurants,"300 Bellevue Way NE, Bellevue, WA 98004, USA",Seattle,WA,(425) 749-3885,https://local.safeway.com/safeway/wa/bellevue/300-bellevue-way-ne.html,"bakery,establishment,florist,food,grocery_or_supermarket,point_of_interest,store,supermarket",100,Critical,2278,4.3,True,True,2026-01-31,47.6130672,-122.200964,ChIJ55QQpIdskFQRmIcPnF7hHyc
Local Market Food,restaurants,"2101 E 71st St Ste D, Chicago, IL 60649, USA",Chicago,IL,(708) 617-2300,http://www.localmarketfoods.com/,"establishment,food,grocery_or_supermarket,point_of_interest,store",100,Critical,1454,4.1,True,False,2026-01-31,41.7650648,-87.5742808,ChIJE6ll9LspDogRpsBk38dtT-I
Jewel-Osco,restaurants,"1224 S Wabash Ave, Chicago, IL 60605, USA",Chicago,IL,(312) 663-0580,https://local.jewelosco.com/il/chicago/1224-s-wabash-ave.html,"bakery,establishment,florist,food,grocery_or_supermarket,point_of_interest,store,supermarket",100,Critical,3804,4.1,True,True,2026-01-31,41.866463,-87.6262491,ChIJl69B35osDogR5VbyA6Qtvog
Fred Meyer,restaurants,"100 NW 85th St, Seattle, WA 98117, USA",Seattle,WA,(206) 784-9600,https://www.fredmeyer.com/stores/grocery/wa/seattle/greenwood/701/00122?cid=loc_70100122_gmb,"bakery,establishment,florist,food,grocery_or_supermarket,health,liquor_store,point_of_interest,store",100,Critical,1790,4.1,True,False,2026-01-31,47.6919955,-122.3587811,ChIJt9x0YCAUkFQRHa6Jow_bwQo
Jewel-Osco,restaurants,"1220 S Ashland Ave, Chicago, IL 60608, USA",Chicago,IL,(312) 733-0153,https://local.jewelosco.com/il/chicago/1220-s-ashland-ave.html,"bakery,establishment,florist,food,grocery_or_supermarket,point_of_interest,store,supermarket",100,Critical,3511,4.1,False,True,2026-01-31,41.86591629999999,-87.668622,ChIJgZ_UMgUtDogRUJ1r21D89DY
Safeway,restaurants,"2637 N Pearl St, Tacoma, WA 98407, USA",Seattle,WA,(253) 759-9251,https://local.safeway.com/safeway/wa/tacoma/2637-n-pearl-st.html,"bakery,establishment,florist,food,grocery_or_supermarket,point_of_interest,store,supermarket",100,Critical,1732,4.2,False,True,2026-01-31,47.2727994,-122.513735,ChIJ90_YfrhUkFQRbUGMZZRJ7Wc
Seafood City Supermarket,restaurants,"1368 Southcenter Mall #100, Tukwila, WA 98188, USA",Seattle,WA,(206) 316-4258,http://www.seafoodcity.com/,"bakery,establishment,food,grocery_or_supermarket,point_of_interest,restaurant,store",100,Critical,3428,4.2,True,True,2026-01-31,47.4598682,-122.2560468,ChIJ9U9yrNNckFQRfpw2SFt_iVk
Safeway,restaurants,"12519 NE 85th St, Kirkland, WA 98033, USA",Seattle,WA,(425) 822-8821,https://local.safeway.com/safeway/wa/kirkland/12519-ne-85th-st.html,"bakery,establishment,florist,food,grocery_or_supermarket,point_of_interest,store,supermarket",100,Critical,1685,4.2,True,False,2026-01-31,47.6788233,-122.1734283,ChIJOSn3l7sSkFQRfPqPxRHWxSA
Safeway,restaurants,"24040 Bothell Everett Hwy, Bothell, WA 98021, USA",Seattle,WA,(425) 482-2767,https://local.safeway.com/safeway/wa/bothell/24040-bothell-everett-hwy.html,"bakery,establishment,florist,food,grocery_or_supermarket,point_of_interest,store,supermarket",100,Critical,1443,4.2,True,True,2026-01-31,47.7788214,-122.2207651,ChIJSSrwE00OkFQRgqqhLM-GC-w
Martinez Mexican Bar & Grill,restaurants,"3301 S Morgan St, Chicago, IL 60608, USA",Chicago,IL,(773) 254-4048,http://martinezmexicanbargrill.com/,"bar,convenience_store,establishment,food,grocery_or_supermarket,point_of_interest,restaurant,store",100,Critical,770,4.4,True,False,2026-01-31,41.834673,-87.65092,ChIJJde-SzYsDogRRUm3_4WtgJs
Fred Meyer,restaurants,"12221 120th Ave NE, Kirkland, WA 98034, USA",Seattle,WA,(425) 820-3200,https://www.fredmeyer.com/stores/grocery/wa/kirkland/fred-meyer-kirkland/701/00391?cid=loc_70100391_gmb,"bakery,establishment,florist,food,grocery_or_supermarket,health,liquor_store,point_of_interest,store",100,Critical,1872,4.2,True,False,2026-01-31,47.7078604,-122.184222,ChIJgevtloANkFQRTCzdbFRVyhY
QFC,restaurants,"500 Mercer St, Seattle, WA 98109, USA",Seattle,WA,(206) 352-4020,https://www.qfc.com/stores/grocery/wa/seattle/uptown/705/00881?cid=loc_70500881_gmb,"bakery,establishment,florist,food,grocery_or_supermarket,health,liquor_store,point_of_interest,store",100,Critical,1653,4.2,True,True,2026-01-31,47.62502689999999,-122.3471738,ChIJZ-cPR0cVkFQRdyzvy-ujhro
Jewel-Osco,restaurants,"9350 W 159th St, Orland Park, IL 60462, USA",Chicago,IL,(708) 403-6920,https://local.jewelosco.com/il/orland-park/9350-w-159th-st.html,"bakery,establishment,florist,food,grocery_or_supermarket,point_of_interest,store,supermarket",100,Critical,1607,4.2,True,True,2026-01-31,41.6034431,-87.8466567,ChIJ_3RgBY0_DogRKNDMmxwV6jA
Safeway,restaurants,"9620 28th Ave SW, Seattle, WA 98126, USA",Seattle,WA,(206) 935-3996,https://local.safeway.com/safeway/wa/seattle/9620-28th-ave-sw.html,"bakery,establishment,florist,food,grocery_or_supermarket,point_of_interest,store,supermarket",100,Critical,2515,4.1,True,True,2026-01-31,47.5166889,-122.3666833,ChIJjRhZL19BkFQRyKjTI1_hYCU
ShopRite of Livingston,restaurants,"483 S Livingston Ave, Livingston, NJ 07039, USA",New York,NY,(973) 740-2004,https://www.shoprite.com/?utm_source=GMB&utm_medium=Local_Search&utm_campaign=dbaPlatform&utm_term=247,"bakery,establishment,food,grocery_or_supermarket,point_of_interest,store,supermarket",100,Critical,1899,4.3,True,False,2026-01-31,40.7749163,-74.3216291,ChIJuctf_lqpw4kR5VhKDdnwRJY
Safeway,restaurants,"525 El Camino Real, Millbrae, CA 94030, USA",San Francisco,CA,(650) 652-3416,https://local.safeway.com/safeway/ca/millbrae/525-el-camino-real.html,"bakery,establishment,florist,food,grocery_or_supermarket,point_of_interest,store,supermarket",100,Critical,2140,4.1,True,True,2026-01-31,37.6033699,-122.3942131,ChIJ0XfB9KN3j4ARiy4PWu41ExA
ShopRite of Wallington,restaurants,"375 Paterson Ave, Wallington, NJ 07057, USA",New York,NY,(201) 508-8000,https://www.shoprite.com/?utm_source=GMB&utm_medium=Local_Search&utm_campaign=dbaPlatform&utm_term=136,"bakery,establishment,food,grocery_or_supermarket,point_of_interest,store,supermarket",100,Critical,2789,4.4,True,False,2026-01-31,40.8446362,-74.1058193,ChIJeXPchdv4wokR0roGktHkfGE
CTown Supermarkets,restaurants,"602 Main Ave, Passaic, NJ 07055, USA",New York,NY,(973) 777-1299,https://locations.ctownsupermarkets.com/ctown-supermarkets-64ff5f305400?utm_source=Google&utm_medium=organic&utm_campaign=Yext,"establishment,food,grocery_or_supermarket,point_of_interest,store,supermarket",100,Critical,933,4.3,True,True,2026-01-31,40.8595684,-74.12433109999999,ChIJ0dCcUdP-wokRFWBNgbssoss
Morton Williams Supermarkets,restaurants,"908 2nd Ave, New York, NY 10017, USA",New York,NY,(212) 308-6922,https://www.mortonwilliams.com/our-locations,"establishment,food,grocery_or_supermarket,point_of_interest,store,supermarket",100,Critical,1174,4.1,True,True,2026-01-31,40.7537995,-73.96896219999999,ChIJwdELkOJYwokRgSJOA1wL2Mo
Extra Supermarket,restaurants,"838 E Grand St, Elizabeth, NJ 07201, USA",New York,NY,(908) 662-0066,http://www.extrasupermarket.net/,"establishment,food,grocery_or_supermarket,point_of_interest,store,supermarket",100,Critical,819,4.4,False,True,2026-01-31,40.662548,-74.1996917,ChIJuVR8ow1NwokRobUwAP-jjqc
Fine Fare Supermarkets,restaurants,"1221 Fteley Ave, Bronx, NY 10472, USA",New York,NY,(718) 893-0457,https://www.finefaresupermarkets.com/,"establishment,food,grocery_or_supermarket,point_of_interest,store,supermarket",100,Critical,1431,4.0,True,False,2026-01-31,40.8296674,-73.8721869,ChIJx-xaSu_0wokRq0_4u9273lk
CTown Supermarkets,restaurants,"100 Hugh J. Grant Cir, Bronx, NY 10472, USA",New York,NY,(718) 823-7685,https://locations.ctownsupermarkets.com/ctown-supermarkets-c971099c8520?utm_source=Google&utm_medium=organic&utm_campaign=Yext,"establishment,food,grocery_or_supermarket,point_of_interest,store,supermarket",100,Critical,902,4.0,True,False,2026-01-31,40.8323974,-73.86086569999999,ChIJcUQNQsH0wokRwjtz8Pb6svY
Wegmans,restaurants,"106 Corporate Park Dr, Harrison, NY 10604, USA",New York,NY,(914) 539-3700,https://www.wegmans.com/stores/harrison-ny/?cid=GMB_Wegmans_2024:aw:ow:gb:gb:ao::,"establishment,food,grocery_or_supermarket,point_of_interest,store,supermarket",100,Critical,2222,4.6,True,False,2026-01-31,41.02032,-73.7175906,ChIJ-70bhdOXwokR9ijzkOOba_w
Vons,restaurants,"3461 W 3rd St, Los Angeles, CA 90020, USA",Los Angeles,CA,(213) 384-6552,https://local.vons.com/ca/los-angeles/3461-w-3rd-st.html,"bakery,establishment,florist,food,grocery_or_supermarket,point_of_interest,store,supermarket",100,Critical,3576,4.2,True,True,2026-01-31,34.0699603,-118.2908839,ChIJnQk-VGTHwoARWshCMCP50us
Ralphs,restaurants,"1435 W Chapman Ave, Orange, CA 92868, USA",Los Angeles,CA,(714) 634-2905,https://www.ralphs.com/stores/grocery/ca/orange/chapman-main-center/703/00008?cid=loc_70300008_gmb,"bakery,establishment,florist,food,grocery_or_supermarket,health,liquor_store,point_of_interest,store",100,Critical,1098,4.2,True,False,2026-01-31,33.7888847,-117.8683236,ChIJOQg7u9fZ3IARrM4R0ESLupc
Ralphs,restaurants,"260 S La Brea Ave, Los Angeles, CA 90036, USA",Los Angeles,CA,(323) 937-3264,https://www.ralphs.com/stores/grocery/ca/los-angeles/la-brea/703/00039?cid=loc_70300039_gmb,"bakery,establishment,florist,food,grocery_or_supermarket,health,liquor_store,point_of_interest,store",100,Critical,1087,4.2,False,True,2026-01-31,34.0699624,-118.3435114,ChIJq9sC39i4woARg_V5W7CPQ-s
WinCo Foods,restaurants,"21100 91st Pl S, Kent, WA 98031, USA",Seattle,WA,(253) 850-8818,https://wincofoods.com/,"bakery,establishment,food,grocery_or_supermarket,point_of_interest,store,supermarket",100,Critical,4276,4.4,True,True,2026-01-31,47.4146395,-122.2190107,ChIJnRR5LkFckFQRvJE_w1UyRWc
Fred Meyer,restaurants,"915 NW 45th St, Seattle, WA 98107, USA",Seattle,WA,(206) 297-4300,https://www.fredmeyer.com/stores/grocery/wa/seattle/ballard/701/00608?cid=loc_70100608_gmb,"bakery,establishment,florist,food,grocery_or_supermarket,health,liquor_store,point_of_interest,store",100,Critical,2076,4.1,True,False,2026-01-31,47.6600943,-122.368277,ChIJXSTtXrAVkFQRb2hIZH2J5yM
Metropolitan Market Tacoma,restaurants,"2420 N Proctor St, Tacoma, WA 98406, USA",Seattle,WA,(253) 761-3663,https://metropolitan-market.com/locations/proctor/,"bakery,cafe,establishment,food,furniture_store,grocery_or_supermarket,home_goods_store,liquor_store,point_of_interest,store",100,Critical,2690,4.6,True,False,2026-01-31,47.2695044,-122.4898126,ChIJn5forehUkFQROBP5tUwvT_c
Pete's Fresh Market #9 - Oakbrook Terrace,restaurants,"17w675 Roosevelt Rd, Oakbrook Terrace, IL 60181, USA",Chicago,IL,(630) 812-6100,http://www.petesfresh.com/,"bakery,cafe,establishment,food,grocery_or_supermarket,point_of_interest,store,supermarket",100,Critical,4662,4.5,True,True,2026-01-31,41.858949,-87.97341589999999,ChIJ0eamFqtNDogR86NVIcTIKJU
Jewel-Osco,restaurants,"2550 N Clybourn Ave, Chicago, IL 60614, USA",Chicago,IL,(773) 348-6426,https://local.jewelosco.com/il/chicago/2550-n-clybourn-ave.html,"bakery,establishment,florist,food,grocery_or_supermarket,point_of_interest,store,supermarket",100,Critical,1281,4.2,False,True,2026-01-31,41.9272358,-87.674309,ChIJ8_fKRfLSD4gR7N45vkWwqaQ
Safeway,restaurants,"4128 Rucker Ave, Everett, WA 98203, USA",Seattle,WA,(425) 258-3552,https://local.safeway.com/safeway/wa/everett/4128-rucker-ave.html,"bakery,establishment,florist,food,grocery_or_supermarket,point_of_interest,store,supermarket",100,Critical,2632,4.0,False,True,2026-01-31,47.96254990000001,-122.2120566,ChIJBXjqgX4AkFQRhHVTMIhkqlo
Foodmaxx,restaurants,"3000 E 9th St, Oakland, CA 94606, USA",San Francisco,CA,(510) 437-8000,https://www.foodmaxx.com/stores/479697d0-1744-40e7-8a24-2da38dc0d6c6/E.%20NINTH/484/OAKLAND,"establishment,food,grocery_or_supermarket,meal_delivery,point_of_interest,restaurant,store,supermarket",100,Critical,2316,4.0,True,True,2026-01-31,37.7754633,-122.2306101,ChIJS53IevKGj4ARcWN0fAkZVIY
Berkeley Bowl Marketplace,restaurants,"2020 Oregon St, Berkeley, CA 94703, USA",San Francisco,CA,(510) 843-6929,http://www.berkeleybowl.com/,"establishment,food,grocery_or_supermarket,health,liquor_store,point_of_interest,store,supermarket",100,Critical,3847,4.6,False,True,2026-01-31,37.857061,-122.267212,ChIJxRCJY4B-hYAR8pED77RBzRY
Fred Meyer,restaurants,"6305 Bridgeport Way W, University Place, WA 98467, USA",Seattle,WA,(253) 460-4000,https://www.fredmeyer.com/stores/grocery/wa/university-place/university-place/701/00615?cid=loc_70100615_gmb,"bakery,establishment,florist,food,grocery_or_supermarket,health,liquor_store,point_of_interest,store",100,Critical,1525,4.2,True,True,2026-01-31,47.200633,-122.5287876,ChIJP0VPt4EAkVQRKqXsXPknZ_c
Safeway,restaurants,"46848 Mission Blvd, Fremont, CA 94539, USA",San Francisco,CA,(510) 497-1003,https://local.safeway.com/safeway/ca/fremont/46848-mission-blvd.html,"bakery,establishment,florist,food,grocery_or_supermarket,point_of_interest,store,supermarket",100,Critical,1552,4.1,True,True,2026-01-31,37.4896436,-121.9274557,ChIJZYFdHkPGj4ARSQ2sRvpqL8o
Foodmaxx,restaurants,"699 Lewelling Blvd, San Leandro, CA 94579, USA",San Francisco,CA,(510) 614-7345,https://www.foodmaxx.com/stores/873af1b9-65c8-4a9f-bcbe-3c432a1916de/SAN%20LEANDRO/416/SAN%20LEANDRO,"establishment,food,grocery_or_supermarket,meal_delivery,point_of_interest,restaurant,store,supermarket",100,Critical,1126,4.0,True,True,2026-01-31,37.6878718,-122.1351291,ChIJVaF-SjaQj4AROku0k4S6Vk4
Safeway,restaurants,"15 Marina Blvd, San Francisco, CA 94123, USA",San Francisco,CA,(415) 563-4946,https://local.safeway.com/safeway/ca/san-francisco/15-marina-blvd.html,"bakery,establishment,florist,food,grocery_or_supermarket,point_of_interest,store,supermarket",100,Critical,2881,4.2,True,True,2026-01-31,37.8044671,-122.4328651,ChIJd95lW9iAhYARwmwzx6GugCg
Fred Meyer,restaurants,"4615 196th St SW Ste 175, Lynnwood, WA 98036, USA",Seattle,WA,(425) 670-0200,https://www.fredmeyer.com/stores/grocery/wa/lynnwood/lynnwood/701/00180?cid=loc_70100180_gmb,"bakery,establishment,florist,food,grocery_or_supermarket,health,liquor_store,point_of_interest,store",100,Critical,2360,4.1,True,False,2026-01-31,47.8221239,-122.2955346,ChIJ1RSRZUAFkFQROUYO4wujGc8
Seafood City Supermarket,restaurants,"5033 N Elston Ave, Chicago, IL 60630, USA",Chicago,IL,(773) 295-1658,http://www.seafoodcity.com/,"establishment,food,grocery_or_supermarket,point_of_interest,store,supermarket",100,Critical,3870,4.3,True,False,2026-01-31,41.9728129,-87.7455798,ChIJbYNKuSjMD4gRY9dX82EsooU
Safeway,restaurants,"2600 Willow Pass Rd, Concord, CA 94519, USA",San Francisco,CA,(925) 689-3240,https://local.safeway.com/safeway/ca/concord/2600-willow-pass-rd.html,"bakery,establishment,florist,food,grocery_or_supermarket,point_of_interest,store,supermarket",100,Critical,2136,4.1,True,False,2026-01-31,37.9782215,-122.0282109,ChIJC_ZoaSVnhYARLMmMa3zm7QA
Safeway,restaurants,"19651 US-2, Monroe, WA 98272, USA",Seattle,WA,(360) 794-9292,https://local.safeway.com/safeway/wa/monroe/19651-hwy-2.html,"bakery,establishment,florist,food,grocery_or_supermarket,point_of_interest,store,supermarket",100,Critical,1736,4.2,True,False,2026-01-31,47.8600292,-121.9676364,ChIJX2oBCfammlQRWSPSVb2bntw
ALDI,restaurants,"1739 W Cermak Rd, Chicago, IL 60608, USA",Chicago,IL,(855) 955-2534,https://www.aldi.us/stores/l/il/chicago/1739-west-cermak-rd/f608,"establishment,food,grocery_or_supermarket,point_of_interest,store,supermarket",100,Critical,2173,4.5,True,True,2026-01-31,41.85226,-87.66941,ChIJoXitY6YtDogRKkQ8OuT1g68
Safeway,restaurants,"11330 51st Ave NW, Gig Harbor, WA 98332, USA",Seattle,WA,(253) 853-4750,https://local.safeway.com/safeway/wa/gig-harbor/11330-nw-51st-ave.html,"bakery,establishment,florist,food,grocery_or_supermarket,point_of_interest,store,supermarket",100,Critical,1531,4.1,True,False,2026-01-31,47.3608307,-122.6046917,ChIJ2WV122VNkFQRYvzMd-as31g
Fred Meyer,restaurants,"5502 Point Fosdick Dr, Gig Harbor, WA 98335, USA",Seattle,WA,(253) 432-8800,https://www.fredmeyer.com/stores/grocery/wa/gig-harbor/gig-harbor/701/00691?cid=loc_70100691_gmb,"bakery,establishment,florist,food,grocery_or_supermarket,health,liquor_store,point_of_interest,store",100,Critical,678,4.0,False,True,2026-01-31,47.3073187,-122.5814125,ChIJxSDVCC1TkFQRDhhWiXAG-uA
Safeway,restaurants,"39100 Argonaut Way, Fremont, CA 94538, USA",San Francisco,CA,(510) 794-1666,https://local.safeway.com/safeway/ca/fremont/39100-argonaut-way.html,"bakery,establishment,florist,food,grocery_or_supermarket,point_of_interest,store,supermarket",100,Critical,1744,4.0,True,True,2026-01-31,37.5453319,-121.9894383,ChIJ01MvKZzAj4AR82AKNv8jfY0
Safeway,restaurants,"10223 Gravelly Lake Dr SW, Lakewood, WA 98499, USA",Seattle,WA,(253) 581-2072,https://local.safeway.com/safeway/wa/lakewood/10223-gravelly-lake-dr-sw.html,"bakery,establishment,florist,food,grocery_or_supermarket,point_of_interest,store,supermarket",100,Critical,3328,4.1,False,True,2026-01-31,47.1641406,-122.5184299,ChIJZXir5N4AkVQReUi70l15K0Y
Jewel-Osco,restaurants,"333 E Euclid Ave, Mt Prospect, IL 60056, USA",Chicago,IL,(847) 394-9390,https://local.jewelosco.com/il/mount-prospect/333-e-euclid-ave.html,"bakery,establishment,florist,food,grocery_or_supermarket,point_of_interest,store,supermarket",100,Critical,975,4.2,True,False,2026-01-31,42.0873539,-87.93095600000001,ChIJQadJXIi5D4gRKYz0DMk-GsM
Mariano's,restaurants,"802 E Northwest Hwy, Arlington Heights, IL 60004, USA",Chicago,IL,(847) 253-5439,https://www.marianos.com/stores/grocery/il/arlington-heights/marianos-arlington-heights/531/00501?cid=loc_53100501_gmb,"bakery,establishment,florist,food,grocery_or_supermarket,health,liquor_store,point_of_interest,store",100,Critical,671,4.0,True,False,2026-01-31,42.080411,-87.9729907,ChIJS0PwVvW6D4gRORTIVgruQQ0
Tony's Fresh Market,restaurants,"7111 Cermak Rd, Berwyn, IL 60402, USA",Chicago,IL,(708) 683-4072,https://locations.tonysfreshmarket.com/ll/us/il/berwyn/7111-w-cermak-rd/,"establishment,food,grocery_or_supermarket,point_of_interest,store",100,Critical,2770,4.3,False,True,2026-01-31,41.8488221,-87.8005531,ChIJDSXFsEU0DogR059oQSYjww0
Mariano's,restaurants,"333 E Benton Pl, Chicago, IL 60601, USA",Chicago,IL,(312) 228-1349,https://www.marianos.com/stores/grocery/il/chicago/marianos-lakeshore-east/531/00503?cid=loc_53100503_gmb,"bakery,establishment,florist,food,grocery_or_supermarket,health,liquor_store,point_of_interest,store",100,Critical,702,4.1,False,True,2026-01-31,41.8852691,-87.6184837,ChIJo9X181crDogRaEqrf4G9v7I
Jewel-Osco,restaurants,"550 N State St, Chicago, IL 60654, USA",Chicago,IL,(312) 527-2162,https://local.jewelosco.com/il/chicago/550-n-state-st.html,"bakery,establishment,florist,food,grocery_or_supermarket,point_of_interest,store,supermarket",100,Critical,1731,4.1,True,True,2026-01-31,41.8922895,-87.62858399999999,ChIJJ9dviK0sDogRsKzwRyDblRk
Mariano's,restaurants,"1900 S Cumberland Ave, Park Ridge, IL 60068, USA",Chicago,IL,(847) 696-2360,https://www.marianos.com/stores/grocery/il/park-ridge/marianos-park-ridge/531/00525?cid=loc_53100525_gmb,"bakery,establishment,florist,food,grocery_or_supermarket,health,liquor_store,point_of_interest,store",100,Critical,1670,4.2,False,True,2026-01-31,41.98735569999999,-87.8379008,ChIJox4p9fLJD4gRCkPj0z3SbGw
Tony's Fresh Market,restaurants,"2099 N Mannheim Rd, Melrose Park, IL 60160, USA",Chicago,IL,(708) 345-4700,https://locations.tonysfreshmarket.com/ll/us/il/melrose-park/2099-n-mannheim-rd/,"establishment,food,grocery_or_supermarket,point_of_interest,store",100,Critical,2523,4.2,True,True,2026-01-31,41.913683,-87.882744,ChIJEVVlFDu1D4gRL1mj2WcxGEU
Mariano's,restaurants,"3358 W Touhy Ave, Skokie, IL 60076, USA",Chicago,IL,(847) 763-8801,https://www.marianos.com/stores/grocery/il/skokie/marianos-skokie/531/00531?cid=loc_53100531_gmb,"bakery,establishment,florist,food,grocery_or_supermarket,health,liquor_store,point_of_interest,store",100,Critical,1495,4.3,True,True,2026-01-31,42.0126071,-87.71417749999999,ChIJ1ZOOETTOD4gR_VDlKWiyFI0
Meijer,restaurants,"755 E Boughton Rd, Bolingbrook, IL 60440, USA",Chicago,IL,(630) 783-5300,https://www.meijer.com/shopping/store-locator/215.html?cmpid=LM:Web::::05112021::GoogleGrocery,"department_store,electronics_store,establishment,food,grocery_or_supermarket,point_of_interest,store,supermarket",100,Critical,3247,4.3,True,True,2026-01-31,41.7212148,-88.03601660000001,ChIJOQdxF-1aDogRHCuwzLUvdWk
Ralphs,restaurants,"670 S Western Ave, Los Angeles, CA 90005, USA",Los Angeles,CA,(213) 383-5058,https://www.ralphs.com/stores/grocery/ca/los-angeles/wiltern/703/00016?cid=loc_70300016_gmb,"bakery,establishment,florist,food,grocery_or_supermarket,health,liquor_store,point_of_interest,store",100,Critical,1741,4.1,True,False,2026-01-31,34.0600458,-118.3085512,ChIJaz46A4W4woARM1iwC0URPD0
Fresh County Market,restaurants,"2550 Arthur St, Gary, IN 46404, USA",Chicago,IL,(219) 977-9910,http://www.freshcountymarket.com/,"establishment,food,grocery_or_supermarket,point_of_interest,store,supermarket",100,Critical,2053,4.0,True,True,2026-01-31,41.5722307,-87.36063469999999,ChIJx0OD65_CEYgRO8ejvMfukAo
Ralphs,restaurants,"211 N Glendale Ave, Glendale, CA 91206, USA",Los Angeles,CA,(818) 549-0035,https://www.ralphs.com/stores/grocery/ca/glendale/glendale-wilson/703/00134?cid=loc_70300134_gmb,"bakery,establishment,florist,food,grocery_or_supermarket,health,liquor_store,point_of_interest,store",100,Critical,662,4.2,True,True,2026-01-31,34.1484897,-118.2484205,ChIJf9t8darBwoARUZ9pjFi_rPI
Chavez Supermarket,restaurants,"500 S Norfolk St, San Mateo, CA 94401, USA",San Francisco,CA,(650) 781-3950,http://www.chavezsuper.com/,"bakery,establishment,finance,food,grocery_or_supermarket,point_of_interest,restaurant,store,supermarket",100,Critical,966,4.1,False,True,2026-01-31,37.571133,-122.3104416,ChIJjxM6V4eej4ARJx7k-ijXwqs
Safeway,restaurants,"950 Las Gallinas Ave, San Rafael, CA 94903, USA",San Francisco,CA,(415) 479-6111,https://local.safeway.com/safeway/ca/san-rafael/950-las-gallinas-ave.html,"bakery,establishment,florist,food,grocery_or_supermarket,point_of_interest,store,supermarket",100,Critical,1131,4.0,False,True,2026-01-31,38.0084526,-122.5483301,ChIJvSijBJCXhYARnRb6FBezFoE
Safeway,restaurants,"5720 Nave Dr, Novato, CA 94949, USA",San Francisco,CA,(415) 881-9256,https://local.safeway.com/safeway/ca/novato/5720-nave-dr.html,"bakery,establishment,florist,food,grocery_or_supermarket,point_of_interest,store,supermarket",100,Critical,1248,4.1,False,True,2026-01-31,38.0623833,-122.5322898,ChIJ9TE8MsqihYAR1EnOvSNfI0I
Seafood City Supermarket,restaurants,"3573 Callan Blvd, South San Francisco, CA 94080, USA",San Francisco,CA,(650) 243-6100,http://www.seafoodcity.com/,"establishment,food,grocery_or_supermarket,point_of_interest,restaurant,store,supermarket",100,Critical,1093,4.2,True,True,2026-01-31,37.6435928,-122.4635036,ChIJGUopVjN6j4ARW0V5k0u0iGE
Grocery Outlet,restaurants,"2900 Broadway, Oakland, CA 94611, USA",San Francisco,CA,(510) 465-5649,https://www.groceryoutlet.com/circulars/storeid/3,"establishment,food,grocery_or_supermarket,point_of_interest,store,supermarket",100,Critical,2600,4.4,True,False,2026-01-31,37.81750299999999,-122.2614095,ChIJl08tVVSHj4ARrjNg_0LOCjc
Pete's Fresh Market #10 - Madison & Western,restaurants,"2333 W Madison St, Chicago, IL 60612, USA",Chicago,IL,(312) 888-4600,http://www.petesfresh.com/,"cafe,establishment,food,grocery_or_supermarket,liquor_store,point_of_interest,store,supermarket",100,Critical,6426,4.4,True,True,2026-01-31,41.880507,-87.685599,ChIJnRjXeEMtDogRxiLDpbDSbTU
Meijer,restaurants,"13521 Illinois Rte 59, Plainfield, IL 60544, USA",Chicago,IL,(815) 267-8000,https://www.meijer.com/shopping/store-locator/214.html?cmpid=LM:Web::::05112021::GoogleGrocery,"department_store,electronics_store,establishment,food,grocery_or_supermarket,point_of_interest,store,supermarket",100,Critical,2219,4.4,False,True,2026-01-31,41.6348735,-88.19968759999999,ChIJc6FxEKz1DogROGQffAPZq0Q
Safeway,restaurants,"6688 Alhambra Ave, Martinez, CA 94553, USA",San Francisco,CA,(925) 933-0540,https://local.safeway.com/safeway/ca/martinez/6688-alhambra-ave.html,"bakery,establishment,florist,food,grocery_or_supermarket,point_of_interest,store,supermarket",100,Critical,628,4.1,True,True,2026-01-31,37.9579261,-122.0939505,ChIJFdVUtBpkhYARinhQ3b4eLkc
Grocery Outlet,restaurants,"125 Hickey Blvd, South San Francisco, CA 94080, USA",San Francisco,CA,(650) 550-1100,https://www.groceryoutlet.com/circulars/storeid/139,"establishment,food,grocery_or_supermarket,point_of_interest,store,supermarket",100,Critical,1117,4.4,True,True,2026-01-31,37.6653778,-122.4523078,ChIJddR4NOh7j4ARAzDtMGebLok
Jewel-Osco,restaurants,"2485 Howard St, Evanston, IL 60202, USA",Chicago,IL,(847) 328-9791,https://local.jewelosco.com/il/evanston/2485-howard-st.html,"bakery,establishment,florist,food,grocery_or_supermarket,point_of_interest,store,supermarket",100,Critical,2001,4.3,False,True,2026-01-31,42.0210557,-87.70803090000001,ChIJHYeFSszPD4gRvsK6iy0XzLw
Key Food Supermarkets,restaurants,"656 Castle Hill Ave, Bronx, NY 10473, USA",New York,NY,(718) 824-3666,http://keyfood.com/,"establishment,food,grocery_or_supermarket,point_of_interest,store,supermarket",100,Critical,545,4.0,True,False,2026-01-31,40.8201256,-73.8479085,ChIJd5UCUdH0wokR2UXWj7TSujY
Jewel-Osco,restaurants,"11730 S Marshfield Ave, Chicago, IL 60643, USA",Chicago,IL,(773) 568-8157,https://local.jewelosco.com/il/chicago/11730-s-marshfield-ave.html,"bakery,establishment,florist,food,grocery_or_supermarket,point_of_interest,store,supermarket",100,Critical,1919,4.1,True,True,2026-01-31,41.6802451,-87.6645535,ChIJi7kZcPQkDogRj56B7FtyjUs
Vons,restaurants,"2122 S Hacienda Blvd, Hacienda Heights, CA 91745, USA",Los Angeles,CA,(626) 330-4216,https://local.vons.com/ca/hacienda-heights/2122-s-hacienda-blvd.html,"bakery,establishment,florist,food,grocery_or_supermarket,point_of_interest,store,supermarket",100,Critical,1405,4.3,True,False,2026-01-31,33.9950239,-117.9672955,ChIJb9WKScrVwoARn_4pKuIFx_s
Ralphs,restaurants,"330 N Atlantic Blvd, Monterey Park, CA 91754, USA",Los Angeles,CA,(626) 289-0261,https://www.ralphs.com/stores/grocery/ca/monterey-park/n-monterey-park/703/00715?cid=loc_70300715_gmb,"bakery,establishment,florist,food,grocery_or_supermarket,health,liquor_store,point_of_interest,store",100,Critical,1155,4.3,True,False,2026-01-31,34.0652643,-118.1335187,ChIJC2ZXwULFwoARwVPAGIV9b4s
Vallarta Supermarkets,restaurants,"8201 Topanga Canyon Blvd, Canoga Park, CA 91304, USA",Los Angeles,CA,(818) 444-5060,https://vallartasupermarkets.com/store-locations/CanogaPark-12,"bakery,establishment,food,grocery_or_supermarket,point_of_interest,store,supermarket",100,Critical,1167,4.2,True,False,2026-01-31,34.2182708,-118.6073318,ChIJNawN4GCcwoARbSWRci0rhzc
Vons,restaurants,"301 N Pass Ave, Burbank, CA 91505, USA",Los Angeles,CA,(818) 848-9542,https://local.vons.com/ca/burbank/301-n-pass-ave.html,"bakery,establishment,florist,food,grocery_or_supermarket,point_of_interest,store,supermarket",100,Critical,1141,4.2,True,False,2026-01-31,34.154867,-118.3465585,ChIJ9Zz8Vs2_woARaCJ2Q8gvygY
Vallarta Supermarkets,restaurants,"655 N Fair Oaks Ave, Pasadena, CA 91103, USA",Los Angeles,CA,(626) 204-6960,https://vallartasupermarkets.com/store-locations/Pasadena-51,"bakery,establishment,food,grocery_or_supermarket,point_of_interest,store,supermarket",100,Critical,1204,4.4,True,True,2026-01-31,34.1567375,-118.1522224,ChIJNzwJFwzDwoARvHdYAvWqAYE
Vallarta Supermarkets,restaurants,"2394 W Lincoln Ave, Anaheim, CA 92801, USA",Los Angeles,CA,(714) 300-0778,https://vallartasupermarkets.com/store-locations/Anaheim-37,"bakery,establishment,food,grocery_or_supermarket,point_of_interest,store,supermarket",100,Critical,924,4.1,False,True,2026-01-31,33.8313679,-117.9672045,ChIJie4zlZ4p3YARzye4R6UtD2E
Vallarta Supermarkets,restaurants,"10950 Sherman Way Ste 110, Burbank, CA 91505, USA",Los Angeles,CA,(818) 526-0081,https://vallartasupermarkets.com/store-locations/Burbank-17,"bakery,establishment,food,grocery_or_supermarket,point_of_interest,store,supermarket",100,Critical,1153,4.1,False,True,2026-01-31,34.2005996,-118.3686447,ChIJcfOGrUqUwoAR8oV7TGVaV2Q
Vallarta Supermarkets,restaurants,"9136 Sepulveda Blvd, North Hills, CA 91343, USA",Los Angeles,CA,(818) 892-0923,https://vallartasupermarkets.com/store-locations/NorthHills-8,"bakery,establishment,food,grocery_or_supermarket,point_of_interest,store,supermarket",100,Critical,1162,4.0,True,False,2026-01-31,34.236583,-118.4664138,ChIJJ-WGL76QwoARB51U80b-V5Q
Vallarta Supermarkets,restaurants,"8453 Reseda Blvd, Northridge, CA 91324, USA",Los Angeles,CA,(818) 576-1280,https://vallartasupermarkets.com/store-locations/Northridge-5,"bakery,establishment,food,grocery_or_supermarket,point_of_interest,store,supermarket",100,Critical,714,4.1,False,True,2026-01-31,34.2244305,-118.5365079,ChIJvUKlebSbwoARnv0D5R9dOjs
Vallarta Supermarkets,restaurants,"13940 Ramona Blvd, Baldwin Park, CA 91706, USA",Los Angeles,CA,(626) 480-8960,https://vallartasupermarkets.com/store-locations/BaldwinPark-15,"bakery,establishment,food,grocery_or_supermarket,point_of_interest,store,supermarket",100,Critical,624,4.2,True,False,2026-01-31,34.0831623,-117.9687551,ChIJGUFr4JzXwoARMuFBo8v7a5M
Vallarta Supermarkets,restaurants,"13820 Foothill Blvd, Sylmar, CA 91342, USA",Los Angeles,CA,(818) 362-7577,https://vallartasupermarkets.com/store-locations/Sylmar-7,"bakery,establishment,food,grocery_or_supermarket,point_of_interest,store,supermarket",100,Critical,900,4.0,False,True,2026-01-31,34.3101732,-118.4352197,ChIJmfnt6SuOwoARp10W8CD4xJQ
Vallarta Supermarkets,restaurants,"757 S Workman St, San Fernando, CA 91340, USA",Los Angeles,CA,(818) 365-8603,https://vallartasupermarkets.com/store-locations/SanFernando-43,"bakery,establishment,food,grocery_or_supermarket,point_of_interest,store,supermarket",100,Critical,772,4.1,True,False,2026-01-31,34.2826796,-118.4525433,ChIJy7-aFTiQwoARmN4wR8xwM-8
Vons,restaurants,"3650 S Bristol St, Santa Ana, CA 92704, USA",Los Angeles,CA,(714) 540-0510,https://local.vons.com/ca/santa-ana/3650-s-bristol-st.html,"bakery,establishment,florist,food,grocery_or_supermarket,point_of_interest,store,supermarket",100,Critical,1552,4.2,False,True,2026-01-31,33.6983107,-117.8870237,ChIJ-yzkICzf3IARk3Ith2yj1G0
Pavilions,restaurants,"8969 Santa Monica Blvd, West Hollywood, CA 90069, USA",Los Angeles,CA,(310) 595-1730,https://local.pavilions.com/ca/west-hollywood/8969-santa-monica-blvd.html,"bakery,establishment,food,grocery_or_supermarket,point_of_interest,store,supermarket",100,Critical,2053,4.4,True,False,2026-01-31,34.0836406,-118.386917,ChIJL0nz-qW-woARNOs60BDrnAM
Vallarta Supermarkets,restaurants,"8510 Painter Ave Suite L, Whittier, CA 90602, USA",Los Angeles,CA,(562) 758-6464,https://vallartasupermarkets.com/store-locations/Whittier-50,"bakery,establishment,food,grocery_or_supermarket,point_of_interest,store,supermarket",100,Critical,854,4.2,True,True,2026-01-31,33.9606158,-118.0342431,ChIJJXTkdpzTwoARLeFGzJ5j9f8
Ralphs Fresh Fare,restaurants,"1644 Cloverfield Blvd, Santa Monica, CA 90404, USA",Los Angeles,CA,(310) 582-3900,https://www.ralphs.com/stores/grocery/ca/santa-monica/olympic-cloverfield/703/00292?cid=loc_70300292_gmb,"bakery,establishment,florist,food,grocery_or_supermarket,health,liquor_store,point_of_interest,store",100,Critical,952,4.1,False,True,2026-01-31,34.0270416,-118.4738669,ChIJ2RSXwDm7woARhyezMN2hPSU
Grocery Outlet,restaurants,"1833 Broadway, Redwood City, CA 94063, USA",San Francisco,CA,(650) 364-7406,https://www.groceryoutlet.com/circulars/storeid/4,"establishment,food,grocery_or_supermarket,point_of_interest,store,supermarket",100,Critical,1393,4.4,True,True,2026-01-31,37.4863817,-122.2246999,ChIJORAWDwqjj4AR8MHLHMkuzpU
Chavez Supermarket,restaurants,"24601 Mission Blvd, Hayward, CA 94544, USA",San Francisco,CA,(510) 888-9878,http://www.chavezsuper.com/,"bakery,establishment,finance,food,grocery_or_supermarket,point_of_interest,restaurant,store,supermarket",100,Critical,1484,4.1,True,True,2026-01-31,37.66261069999999,-122.0762823,ChIJ8TORlOaTj4ARN7T_gCgjSCE
Grocery Outlet,restaurants,"1245 S Van Ness Ave, San Francisco, CA 94110, USA",San Francisco,CA,(415) 872-7170,https://www.groceryoutlet.com/circulars/storeid/306,"establishment,food,grocery_or_supermarket,point_of_interest,store,supermarket",100,Critical,1906,4.5,False,True,2026-01-31,37.7530692,-122.4159954,ChIJVee9dkd-j4ARl0zJ7JCZ8pk
Uncle Giuseppe's Marketplace,restaurants,"10 Triangle Plaza, Ramsey, NJ 07446, USA",New York,NY,(201) 995-6800,https://order.uncleg.com/s/1000-1040/,"establishment,food,grocery_or_supermarket,point_of_interest,store",100,Critical,3415,4.6,True,False,2026-01-31,41.0630344,-74.1230784,ChIJ86D82LLmwokRSAbiSAK6r_Y
Ralphs,restaurants,"14440 Burbank Blvd, Sherman Oaks, CA 91401, USA",Los Angeles,CA,(818) 989-5640,https://www.ralphs.com/stores/grocery/ca/sherman-oaks/van-nuys-burbank/703/00702?cid=loc_70300702_gmb,"bakery,establishment,florist,food,grocery_or_supermarket,health,liquor_store,point_of_interest,store",100,Critical,1445,4.0,True,True,2026-01-31,34.1714675,-118.447171,ChIJrWGhRa6XwoAR8vNyl4rn2b4
ShopRite of New Hyde Park,restaurants,"2335 New Hyde Park Rd, New Hyde Park, NY 11042, USA",New York,NY,(516) 352-1603,https://www.shoprite.com/?utm_source=GMB&utm_medium=Local_Search&utm_campaign=dbaPlatform&utm_term=812,"bakery,establishment,food,grocery_or_supermarket,point_of_interest,store,supermarket",100,Critical,2814,4.3,True,False,2026-01-31,40.7578125,-73.6900673,ChIJDd5BSS-IwokRTdrvAhNiyrM
Stew Leonard's,restaurants,"1 Stew Leonard Dr, Yonkers, NY 10710, USA",New York,NY,(914) 375-4700,https://stewleonards.com/stew-leonards-locations/yonkers-store/,"bakery,establishment,food,grocery_or_supermarket,point_of_interest,restaurant,store,supermarket",100,Critical,4293,4.6,True,False,2026-01-31,40.9737483,-73.8645107,ChIJKa5YDCDtwokRd7a-0kohmAs
Trader Joe's,restaurants,"404 NJ-17, Paramus, NJ 07652, USA",New York,NY,(201) 265-9624,https://locations.traderjoes.com/nj/paramus/605/?utm_source=gmb&utm_medium=organic&utm_campaign=local,"establishment,food,grocery_or_supermarket,health,point_of_interest,store,supermarket",100,Critical,4313,4.6,False,True,2026-01-31,40.9483179,-74.0705862,ChIJ5_q_J9z6wokREmGBP-Rib4w
Amazon Fresh,restaurants,"3620 Long Beach Rd, Oceanside, NY 11572, USA",New York,NY,(800) 250-0668,https://amzn.to/3cE3z9X,"bakery,establishment,food,grocery_or_supermarket,liquor_store,point_of_interest,store,supermarket",100,Critical,911,4.1,False,True,2026-01-31,40.6222233,-73.64209799999999,ChIJ_V4Np197wokRP6jSeQotpgE
ACME Markets,restaurants,"125 Franklin Turnpike, Mahwah, NJ 07430, USA",New York,NY,(201) 529-9775,https://local.acmemarkets.com/nj/mahwah/125-franklin-turnpike.html,"bakery,establishment,florist,food,grocery_or_supermarket,point_of_interest,store,supermarket",100,Critical,1078,4.2,False,True,2026-01-31,41.0990633,-74.1446481,ChIJEZmDtt3gwokRi6G1HM8Si9I
Key Food Supermarkets,restaurants,"3151 Westchester Ave, Bronx, NY 10461, USA",New York,NY,(718) 824-2263,http://www.keyfood.com/,"establishment,food,grocery_or_supermarket,point_of_interest,store,supermarket",100,Critical,1613,4.2,False,True,2026-01-31,40.8504111,-73.83046390000001,ChIJ3zkIjFeLwokRVuLwpOwbtoA
Trader Joe's,restaurants,"3250 Lakeshore Ave, Oakland, CA 94610, USA",San Francisco,CA,(510) 238-9076,https://locations.traderjoes.com/ca/oakland/203/?utm_source=gmb&utm_medium=organic&utm_campaign=local,"establishment,food,grocery_or_supermarket,health,liquor_store,point_of_interest,store,supermarket",100,Critical,2345,4.4,False,True,2026-01-31,37.8099731,-122.2443809,ChIJlwZhkUGHj4ARgNaadWHN7tc
ACME Markets,restaurants,"2160 Lemoine Ave, Fort Lee, NJ 07024, USA",New York,NY,(201) 944-1145,https://local.acmemarkets.com/nj/fort-lee/2160-lemoine-ave.html,"bakery,establishment,florist,food,grocery_or_supermarket,point_of_interest,store,supermarket",100,Critical,1329,4.0,True,True,2026-01-31,40.8561878,-73.9650974,ChIJUcPHVMH2wokRAbMo-nSGskQ
Walmart Supercenter,restaurants,"965 Broadhollow Rd, Farmingdale, NY 11735, USA",New York,NY,(631) 752-8768,https://www.walmart.com/store/5295-farmingdale-ny/?veh=seo_loc,"bakery,clothing_store,department_store,electronics_store,establishment,food,furniture_store,grocery_or_supermarket,hardware_store,home_goods_store,point_of_interest,store",100,Critical,8513,4.0,True,True,2026-01-31,40.7266578,-73.4207,ChIJGdHHyOAq6IkRGonq3d-WTuU
Stop & Shop,restaurants,"134-40 Springfield Blvd, Springfield Gardens, NY 11413, USA",New York,NY,(718) 525-0600,https://stores.stopandshop.com/ny/springfield-gardens/134-40-springfield-blvd?y_source=1_NDE5NTM1OS03MTUtbG9jYXRpb24ud2Vic2l0ZQ%3D%3D,"establishment,food,grocery_or_supermarket,point_of_interest,store",100,Critical,3184,4.0,False,True,2026-01-31,40.6795518,-73.75567319999999,ChIJ4aZGVqRmwokRAMZLEay0gpc
Walmart,restaurants,"2465 Hempstead Tpke, East Meadow, NY 11554, USA",New York,NY,(516) 579-3307,https://www.walmart.com/store/2916-east-meadow-ny?veh=seo_loc,"clothing_store,department_store,electronics_store,establishment,food,furniture_store,grocery_or_supermarket,hardware_store,home_goods_store,point_of_interest,store",100,Critical,5881,4.1,True,True,2026-01-31,40.7265527,-73.54426629999999,ChIJ9eZOeRx-wokRvnC9WaUITyE
"ShopRite of Commerce St.-Stamford, CT",restaurants,"1990 W Main St, Stamford, CT 06902, USA",New York,NY,(203) 978-0464,https://www.shoprite.com/?utm_source=GMB&utm_medium=Local_Search&utm_campaign=dbaPlatform&utm_term=397,"bakery,establishment,food,grocery_or_supermarket,point_of_interest,store,supermarket",100,Critical,1862,4.4,True,True,2026-01-31,41.0474019,-73.5649493,ChIJDX7LLqqYwokRAWxgjxLhu78
Twin City Supermarket - Elizabeth NJ,restaurants,"1016 Sherman Ave, Elizabeth, NJ 07208, USA",New York,NY,(908) 558-1166,http://twincitysupermarkets.com/,"establishment,food,grocery_or_supermarket,point_of_interest,store,supermarket",100,Critical,2453,4.2,True,True,2026-01-31,40.6869691,-74.20628479999999,ChIJR94sBbhSwokRbes1Ksoo6kE
ShopRite of Norwalk,restaurants,"360 Connecticut Ave, Norwalk, CT 06854, USA",New York,NY,(203) 838-0504,https://www.shoprite.com/?utm_source=GMB&utm_medium=Local_Search&utm_campaign=dbaPlatform&utm_term=394,"bakery,establishment,food,grocery_or_supermarket,point_of_interest,store,supermarket",100,Critical,2245,4.3,True,False,2026-01-31,41.1024779,-73.44022629999999,ChIJ1zlqG3Me6IkRQ1yxV9vbFCw
Seafood City Supermarket,restaurants,"3495 Sonoma Blvd, Vallejo, CA 94590, USA",San Francisco,CA,(707) 654-1972,https://www.seafoodcity.com/store-locations/northern-california/,"bakery,establishment,food,grocery_or_supermarket,point_of_interest,restaurant,store",100,Critical,1593,4.0,True,False,2026-01-31,38.1224406,-122.2580777,ChIJa-359FFzhYAR6UyYw8nmlFo
Trader Joe's,restaurants,"425 S Oyster Bay Rd, Plainview, NY 11803, USA",New York,NY,(516) 933-6900,https://locations.traderjoes.com/ny/plainview/555/?utm_source=gmb&utm_medium=organic&utm_campaign=local,"establishment,food,grocery_or_supermarket,health,point_of_interest,store,supermarket",100,Critical,1963,4.6,False,True,2026-01-31,40.7815407,-73.5014915,ChIJ-6vmBKOBwokRfspxeJIndSY
Wegmans,restaurants,"15 Woodbridge Center Dr, Woodbridge, NJ 07095, USA",New York,NY,(732) 596-3200,https://www.wegmans.com/stores/woodbridge-nj/?cid=GMB_Wegmans_2024:aw:ow:gb:gb:ao::,"establishment,food,grocery_or_supermarket,point_of_interest,store,supermarket",100,Critical,4383,4.6,True,True,2026-01-31,40.5482362,-74.2966338,ChIJSaaE8cS1w4kR7qtfUFu3PpU
Foodtown of Bushwick,restaurants,"1291 Broadway, Brooklyn, NY 11221, USA",New York,NY,(718) 443-7913,https://www.foodtown.com/stores/foodtown-of-bushwick?utm_source=googlemybusiness&utm_medium=vicinity&utm_campaign=websiteclick,"establishment,food,grocery_or_supermarket,point_of_interest,store,supermarket",100,Critical,1617,4.1,False,True,2026-01-31,40.6909383,-73.92412790000002,ChIJuefldRJcwokR9UgBR0AwZsY
Pavilions,restaurants,"3100 W Balboa Blvd, Newport Beach, CA 92663, USA",Los Angeles,CA,(949) 675-2395,https://local.pavilions.com/ca/newport-beach/3100-w-balboa-blvd.html,"bakery,establishment,food,grocery_or_supermarket,point_of_interest,store,supermarket",100,Critical,1074,4.3,False,True,2026-01-31,33.6146866,-117.9310844,ChIJCYFX6wMg3YARcgQnLvpi1eM
Pavilions,restaurants,"14845 Ventura Blvd, Sherman Oaks, CA 91403, USA",Los Angeles,CA,(818) 922-6890,https://local.pavilions.com/ca/sherman-oaks/14845-ventura-blvd.html,"bakery,establishment,food,grocery_or_supermarket,point_of_interest,store,supermarket",100,Critical,817,4.3,True,True,2026-01-31,34.1533329,-118.4565586,ChIJWyGtBcSXwoARHdCOa4Co3vU
Ralphs,restaurants,"11361 National Blvd, Los Angeles, CA 90064, USA",Los Angeles,CA,(310) 479-4351,https://www.ralphs.com/stores/grocery/ca/los-angeles/westdale-s-c/703/00709?cid=loc_70300709_gmb,"bakery,establishment,florist,food,grocery_or_supermarket,health,liquor_store,point_of_interest,store",100,Critical,660,4.1,True,False,2026-01-31,34.0260615,-118.4333132,ChIJDQE3A6y7woAR4hKGnZTA8yM
Vons,restaurants,"10321 Sepulveda Blvd, Mission Hills, CA 91345, USA",Los Angeles,CA,(818) 891-1352,https://local.vons.com/ca/mission-hills/10321-sepulveda-blvd.html,"bakery,establishment,florist,food,grocery_or_supermarket,point_of_interest,store,supermarket",100,Critical,1953,4.2,True,False,2026-01-31,34.258047,-118.4683784,ChIJbZ0352GQwoARtjW1JhcJjMw
Island Pacific Supermarket and Seafood weekly sale,restaurants,"19691 Hesperian Blvd, Hayward, CA 94541, USA",San Francisco,CA,(510) 674-2871,https://islandpacificmarket.com/stores/hayward,"establishment,food,grocery_or_supermarket,point_of_interest,restaurant,store,supermarket",100,Critical,1046,4.2,True,False,2026-01-31,37.6656818,-122.1202137,ChIJUds4qQWRj4ARncPqujhKmoU
Seafood City Supermarket,restaurants,"2030 Diamond Blvd, Concord, CA 94520, USA",San Francisco,CA,(925) 771-2470,http://www.seafoodcity.com/,"bakery,establishment,food,grocery_or_supermarket,point_of_interest,restaurant,store",100,Critical,746,4.1,True,True,2026-01-31,37.9736494,-122.0555524,ChIJYwS3rsZmhYARbA-f-qIrYqg
Super Foodtown of Bloomfield,restaurants,"296 Glenwood Ave, Bloomfield, NJ 07003, USA",New York,NY,(973) 259-9900,https://shop.foodtown.com/,"establishment,florist,food,grocery_or_supermarket,point_of_interest,store,supermarket",100,Critical,1635,4.2,True,False,2026-01-31,40.7927259,-74.1987524,ChIJM88eoSNVwokRKIe8bbWaCTA
Kings Liquor & Junior Market,restaurants,"500 W Orangewood Ave, Anaheim, CA 92802, USA",Los Angeles,CA,(714) 971-2000,,"convenience_store,establishment,food,grocery_or_supermarket,liquor_store,point_of_interest,store",95,Critical,245,4.8,False,True,2026-01-31,33.795706,-117.914313,ChIJtVLaFubX3IARgII1XhXdrPI
A&M Convenience SMOKE SHOP,restaurants,"2201 S Clinton Ave Unit G, South Plainfield, NJ 07080, USA",New York,NY,(908) 769-9199,,"convenience_store,establishment,food,grocery_or_supermarket,point_of_interest,store",90,Critical,55,4.9,True,True,2026-01-31,40.5795226,-74.4309037,ChIJOSE00bW5w4kRKV-RhXwLPGM
Safeway,restaurants,"2300 16th St Unit 203, San Francisco, CA 94103, USA",San Francisco,CA,(415) 575-1120,https://local.safeway.com/safeway/ca/san-francisco/2300-16th-st-unit-203.html,"bakery,establishment,florist,food,grocery_or_supermarket,point_of_interest,store,supermarket",90,Critical,2656,3.8,True,True,2026-01-31,37.7669091,-122.4093346,ChIJ9a3hyi9-j4AR2ayb9h1Vxss
Safeway,restaurants,"231 W Jackson St, Hayward, CA 94544, USA",San Francisco,CA,(510) 783-8611,https://local.safeway.com/safeway/ca/hayward/231-w-jackson-st.html,"bakery,establishment,florist,food,grocery_or_supermarket,point_of_interest,store,supermarket",90,Critical,1267,3.8,False,True,2026-01-31,37.6526998,-122.0915008,ChIJdxZesFCRj4ARoSdIWVPi5EA
Point Richmond Market,restaurants,"160 Washington Ave, Richmond, CA 94801, USA",San Francisco,CA,(510) 233-9044,https://pointrichmondmarket.com/,"convenience_store,establishment,food,grocery_or_supermarket,point_of_interest,store",90,Critical,108,4.2,False,True,2026-01-31,37.9264228,-122.3859078,ChIJT-a6P8-ChYARtw3Dnc0ZyEc
Safeway,restaurants,"2020 Market St, San Francisco, CA 94114, USA",San Francisco,CA,(415) 861-7660,https://local.safeway.com/safeway/ca/san-francisco/2020-market-st.html,"bakery,establishment,florist,food,grocery_or_supermarket,point_of_interest,store,supermarket",90,Critical,4504,3.8,True,True,2026-01-31,37.7691755,-122.4278748,ChIJRRbkIx5-j4ARLyQH0X-xdbY
Southsea Grocery,restaurants,"917 E Jefferson St, Seattle, WA 98122, USA",Seattle,WA,(206) 624-8371,,"convenience_store,establishment,food,grocery_or_supermarket,point_of_interest,store,supermarket",90,Critical,62,4.7,True,False,2026-01-31,47.6060409,-122.3199817,ChIJbX5378dqkFQR_1cZ41SCAAM
Safeway,restaurants,"3820 Rainier Ave S, Seattle, WA 98118, USA",Seattle,WA,(206) 725-9575,https://local.safeway.com/safeway/wa/seattle/3820-rainier-ave-s.html,"bakery,establishment,florist,food,grocery_or_supermarket,point_of_interest,store,supermarket",90,Critical,1973,3.7,True,True,2026-01-31,47.5692087,-122.2881353,ChIJcXJg9W5qkFQRmTFjH1TWR20
Safeway,restaurants,"1410 E John St, Seattle, WA 98112, USA",Seattle,WA,(206) 323-4988,https://local.safeway.com/safeway/wa/seattle/1410-e-john-st.html,"bakery,establishment,florist,food,grocery_or_supermarket,point_of_interest,store,supermarket",90,Critical,2785,3.9,False,True,2026-01-31,47.62042,-122.3130222,ChIJEQGStywVkFQReH9PnFysQKc
Safeway,restaurants,"30 Chestnut Ave, South San Francisco, CA 94080, USA",San Francisco,CA,(650) 952-8867,https://local.safeway.com/safeway/ca/south-san-francisco/30-chestnut-ave.html,"bakery,establishment,florist,food,grocery_or_supermarket,point_of_interest,store,supermarket",90,Critical,1434,3.9,True,True,2026-01-31,37.6555557,-122.4316232,ChIJidNPqnd5j4AR-8q-9kPqwuQ
Hangry Planet,restaurants,"1199 El Camino Real, San Bruno, CA 94066, USA",San Francisco,CA,(650) 589-7058,http://www.hangryplanet.com/,"convenience_store,establishment,food,point_of_interest,store",90,Critical,87,4.8,True,False,2026-01-31,37.6363686,-122.4214505,ChIJ2SwHgON5j4ARmjxkgeozmV0
Safeway,restaurants,"298 King St, San Francisco, CA 94107, USA",San Francisco,CA,(415) 633-1001,https://local.safeway.com/safeway/ca/san-francisco/298-king-st.html,"bakery,establishment,florist,food,grocery_or_supermarket,point_of_interest,store,supermarket",90,Critical,1803,3.8,True,True,2026-01-31,37.7767786,-122.3940717,ChIJ7yjl6tZ_j4AR8EZbiYD5hKs
Cardenas Markets,restaurants,"1630 High St, Oakland, CA 94601, USA",San Francisco,CA,(510) 532-2654,https://locations.cardenasmarkets.com/ll/us/ca/oakland/1630-high-st,"establishment,food,grocery_or_supermarket,point_of_interest,store,supermarket",90,Critical,2258,3.8,True,True,2026-01-31,37.7733434,-122.21213,ChIJ8TutmGaGj4ARJoiSsRR87_E
Community Grocery,restaurants,"415 Seneca St, Seattle, WA 98101, USA",Seattle,WA,(206) 682-7535,,"convenience_store,establishment,food,point_of_interest,store",90,Critical,109,4.6,False,True,2026-01-31,47.6075778,-122.3332777,ChIJNeh4UrFqkFQRV3OXAHsHZxg
Walmart Supercenter,restaurants,"9265 159th St, Orland Hills, IL 60487, USA",Chicago,IL,(708) 349-4300,https://www.walmart.com/store/1556-orland-hills-il/?veh=seo_loc,"bakery,clothing_store,department_store,electronics_store,establishment,food,furniture_store,grocery_or_supermarket,hardware_store,home_goods_store,point_of_interest,store",90,Critical,5459,3.9,True,False,2026-01-31,41.5991373,-87.84296780000001,ChIJvaXXUY0_DogR7Ya6LpXx1TY
Walmart Neighborhood Market,restaurants,"4080 Stevens Creek Blvd, San Jose, CA 95129, USA",San Francisco,CA,(408) 556-4505,https://www.walmart.com/store/2486-san-jose-ca/?veh=seo_loc,"bakery,department_store,establishment,food,grocery_or_supermarket,point_of_interest,store,supermarket",90,Critical,2456,3.9,True,False,2026-01-31,37.3216605,-121.9732084,ChIJcezwU5LKj4ARolZJF2W8cmo
South Loop Market - Michigan Ave,restaurants,"1720 S Michigan Ave, Chicago, IL 60616, USA",Chicago,IL,(312) 753-5793,http://www.southloopmarket.com/,"convenience_store,establishment,food,grocery_or_supermarket,point_of_interest,store,supermarket",90,Critical,58,4.6,True,True,2026-01-31,41.8584799,-87.6241136,ChIJUUWB0IYsDogR36y5gkXliA0
Durn Good Grocery,restaurants,"4002 Wallingford Ave N, Seattle, WA 98103, USA",Seattle,WA,(206) 633-0500,,"convenience_store,establishment,food,point_of_interest,store",90,Critical,106,4.5,True,False,2026-01-31,47.6558563,-122.3361029,ChIJXWZEsPgUkFQRTINflCJTkwE
Safeway,restaurants,"4011 S 164th St, Seattle, WA 98188, USA",Seattle,WA,(206) 244-2567,https://local.safeway.com/safeway/wa/seattle/4011-s-164th.html,"bakery,establishment,florist,food,grocery_or_supermarket,point_of_interest,store,supermarket",90,Critical,2535,3.9,False,True,2026-01-31,47.455652,-122.2824069,ChIJDW92XzVDkFQR2tux0r4unbA
Mariano's,restaurants,"2021 W Chicago Ave, Chicago, IL 60622, USA",Chicago,IL,(773) 799-9000,https://www.marianos.com/stores/grocery/il/chicago/marianos-ukrainian-village/531/00527?cid=loc_53100527_gmb,"bakery,establishment,florist,food,grocery_or_supermarket,health,liquor_store,point_of_interest,store",90,Critical,1349,3.8,True,True,2026-01-31,41.8955736,-87.67833499999999,ChIJYzCVr0otDogRvZsJTDwqXUI
Safeway,restaurants,"21401 Pacific Hwy S, Des Moines, WA 98198, USA",Seattle,WA,(206) 824-2737,https://local.safeway.com/safeway/wa/des-moines/21401-pacific-hwy-s.html,"bakery,establishment,florist,food,grocery_or_supermarket,point_of_interest,store,supermarket",90,Critical,3192,3.9,True,True,2026-01-31,47.40998769999999,-122.2994393,ChIJB_-LtXRbkFQR9sERCNafSo8
Jewel-Osco,restaurants,"1341 N Paulina St, Chicago, IL 60622, USA",Chicago,IL,(773) 342-3410,https://local.jewelosco.com/il/chicago/1341-n-paulina-st.html,"bakery,establishment,florist,food,grocery_or_supermarket,point_of_interest,store,supermarket",90,Critical,2377,3.9,True,True,2026-01-31,41.9064754,-87.66944629999999,ChIJFVSfe8XSD4gRwDhg57GSuOw
South Loop Market,restaurants,"2135 S Michigan Ave, Chicago, IL 60616, USA",Chicago,IL,(312) 328-3680,http://www.southloopmarket.com/,"convenience_store,establishment,food,grocery_or_supermarket,liquor_store,point_of_interest,store,supermarket",90,Critical,65,4.0,True,False,2026-01-31,41.8531859,-87.62359819999999,ChIJc_fB1X0sDogRA5HAqONM4rA
Vallarta Supermarkets,restaurants,"21208 Sherman Way, Canoga Park, CA 91303, USA",Los Angeles,CA,(818) 346-1665,https://vallartasupermarkets.com/store-locations/CanogaPark-11,"bakery,establishment,food,grocery_or_supermarket,point_of_interest,store,supermarket",90,Critical,622,3.9,True,False,2026-01-31,34.2006083,-118.5948544,ChIJVwc-yROcwoARa__mUXb0w-E
Safeway,restaurants,"5100 Broadway, Oakland, CA 94611, USA",San Francisco,CA,(510) 285-0782,https://local.safeway.com/safeway/ca/oakland/5100-broadway.html,"bakery,establishment,florist,food,grocery_or_supermarket,point_of_interest,store,supermarket",90,Critical,2073,3.9,False,True,2026-01-31,37.8348736,-122.2486188,ChIJfRZHCu59hYARiUkphuUXcPI
Stop n Save 115,restaurants,"1795 Scott Blvd, Santa Clara, CA 95050, USA",San Francisco,CA,(408) 244-3449,,"convenience_store,establishment,food,gas_station,liquor_store,point_of_interest,store",90,Critical,92,4.6,False,True,2026-01-31,37.3554037,-121.9590203,ChIJCXhy3EfKj4AR99V32PxkByo
Pak 'N Save Foods,restaurants,"3889 San Pablo Ave, Emeryville, CA 94608, USA",San Francisco,CA,(510) 450-1200,https://local.safeway.com/pak-n-save/ca/emeryville/3889-san-pablo-ave.html,"bakery,establishment,florist,food,grocery_or_supermarket,point_of_interest,store,supermarket",90,Critical,1992,3.8,True,False,2026-01-31,37.8293981,-122.2799636,ChIJUXe31hN-hYARgUNqPCC8Ib4
Crenshaw Mini Market,restaurants,"6431 Crenshaw Blvd, Los Angeles, CA 90043, USA",Los Angeles,CA,(323) 752-3857,,"convenience_store,establishment,food,grocery_or_supermarket,point_of_interest,store",85,High,3,5.0,True,True,2026-02-04,33.9808653,-118.331135,ChIJBT12Xby3woARO_2YFCqGhBQ
"LALO CONVENIENCE STORE, INC",restaurants,"264 W 72nd St, New York, NY 10023, USA",New York,NY,(917) 261-7797,,"convenience_store,establishment,food,point_of_interest,store",85,High,12,4.9,True,False,2026-02-04,40.779527,-73.9841845,ChIJL-LP82FYwokRaxkeIZNgisI
SNAP N' GO - Convenience and Liquor Store,restaurants,"9150 Painter Ave, 106 La Pico Plaza, Whittier, CA 90602, USA",Los Angeles,CA,(562) 273-0001,,"convenience_store,establishment,food,liquor_store,point_of_interest,store",85,High,13,4.8,True,False,2026-02-04,33.9535367,-118.0417995,ChIJ7W1yK9bTwoARlFXpZFBX-ow
Shattuck Convenience,restaurants,"1778 Shattuck Ave., Berkeley, CA 94709, USA",San Francisco,CA,,,"convenience_store,establishment,food,point_of_interest,store",85,High,8,4.9,True,True,2026-02-04,37.8751554,-122.2689777,ChIJDyaKZqh_hYARt4UzIiHbMz4
Third Avenue Food Mart,restaurants,"4101 California St #4103, San Francisco, CA 94118, USA",San Francisco,CA,(415) 221-4428,,"convenience_store,establishment,food,grocery_or_supermarket,liquor_store,point_of_interest,store",85,High,17,4.9,False,True,2026-02-04,37.7852639,-122.4615552,ChIJX_UUqDuHhYARgW5XSiP2xEY
Russells Convenience,restaurants,"C-125 C, 333 S Hope St, Los Angeles, CA 90071, USA",Los Angeles,CA,(213) 628-5064,http://www.russellsconvenience.net/,"convenience_store,establishment,food,point_of_interest,store",85,High,1,5.0,True,False,2026-02-04,34.0537492,-118.2530924,ChIJaxrjz7LHwoARyNuXTYYvpJc
Convenient Market,restaurants,"3810 E 10th St, Long Beach, CA 90804, USA",Los Angeles,CA,(562) 434-7220,,"convenience_store,establishment,food,point_of_interest,store",85,High,15,4.5,True,False,2026-02-04,33.7788837,-118.1478943,ChIJmx4tWqMx3YARfu9RhElUIZE
LPB Convenience Store,restaurants,"110 E Anaheim St Suite F, Long Beach, CA 90813, USA",Los Angeles,CA,(562) 432-9900,,"convenience_store,establishment,food,point_of_interest,store",85,High,28,4.8,True,False,2026-02-04,33.7824508,-118.1920668,ChIJzR7EOkUx3YAR5NA_XkUW27M
Polk & Post Convenience Store,restaurants,"1101 Post St, San Francisco, CA 94109, USA",San Francisco,CA,(415) 240-9332,,"convenience_store,establishment,food,point_of_interest,store",85,High,19,4.7,True,True,2026-02-04,37.786626,-122.42011,ChIJhQE2lDSBhYARinwtEfSbxcM
Grand Food Mart,restaurants,"200 W Grand Ave, Chicago, IL 60654, USA",Chicago,IL,(312) 527-4444,,"convenience_store,establishment,food,health,liquor_store,point_of_interest,store",85,High,25,4.0,False,True,2026-02-04,41.8917617,-87.6342366,ChIJ8VO_bLQsDogRejefSGlZdNY
Howe Mart liquor,restaurants,"8501 Pershing Dr, Playa Del Rey, CA 90293, USA",Los Angeles,CA,(310) 822-5488,,"convenience_store,establishment,food,grocery_or_supermarket,liquor_store,point_of_interest,store",85,High,25,4.1,False,True,2026-02-04,33.9561178,-118.4426965,ChIJOeMz01-wwoAR6x7gCUVlwq4
Stop & Save Market,restaurants,"788 O'Farrell St, San Francisco, CA 94109, USA",San Francisco,CA,(510) 200-3705,,"convenience_store,establishment,food,point_of_interest,store",85,High,29,4.5,True,False,2026-02-04,37.7853379,-122.4176036,ChIJMw1dOpGAhYARmbFvzD4oeTM
Shop n' Roll,restaurants,"458 Cedar Ave, Long Beach, CA 90802, USA",Los Angeles,CA,(562) 262-5687,https://conveniencestorelongbeach.com/,"convenience_store,establishment,food,grocery_or_supermarket,point_of_interest,store",85,High,41,4.0,True,False,2026-02-04,33.7727778,-118.1948727,ChIJ8ycYBUgx3YAR5Il4zhSrKhs
Mason street market,restaurants,"39 Mason St, San Francisco, CA 94102, USA",San Francisco,CA,(415) 346-1400,,"convenience_store,establishment,food,grocery_or_supermarket,point_of_interest,store",85,High,4,4.5,True,False,2026-02-04,37.7838726,-122.4094292,ChIJQYyUBseBhYARPPO7btsih2o
Russell's Convenience,restaurants,"b, 505 Flower St #26, Los Angeles, CA 90071, USA",Los Angeles,CA,(213) 489-5950,http://www.russellsconvenience.net/,"convenience_store,establishment,food,point_of_interest,store",85,High,6,4.3,True,True,2026-02-04,34.0514473,-118.2566061,ChIJm1dFt7PHwoARLCaDW0kHvBw
Circle K,restaurants,"850 N State St, Chicago, IL 60610, USA",Chicago,IL,(312) 280-7761,https://www.circlek.com/store-locator/US/chicago/850-n-state-st/4706901?utm_source=google&utm_medium=local&utm_campaign=google-local,"convenience_store,establishment,food,point_of_interest,store",85,High,24,4.0,True,False,2026-02-04,41.898333,-87.62857799999999,ChIJz69NwKXTD4gR_b6G1FLZd7g
Regents Market,restaurants,"1644 E Hyde Park Blvd, Chicago, IL 60615, USA",Chicago,IL,(708) 316-8194,,"convenience_store,establishment,food,point_of_interest,store",85,High,33,4.2,True,False,2026-02-04,41.80271,-87.58485069999999,ChIJVSxjfEUpDogR7tz4G-eQWvg
Good N Rich Market,restaurants,"130 S Spruce Ave, South San Francisco, CA 94080, USA",San Francisco,CA,(650) 742-6167,,"convenience_store,establishment,food,liquor_store,point_of_interest,store",85,High,39,4.4,True,True,2026-02-04,37.6503487,-122.4185147,ChIJkXOUg6R5j4AR5treIW3ppN8
Randee's Food & Liquors,restaurants,"4319-21 N Milwaukee Ave, Chicago, IL 60641, USA",Chicago,IL,,http://www.randeeschicago.com/,"convenience_store,establishment,food,liquor_store,point_of_interest,store",85,High,31,4.7,True,True,2026-02-04,41.959575,-87.7531139,ChIJIZDyHD_MD4gRbjwLmedpvW4
J & A Convenience Store,restaurants,"1114 W Argyle St, Chicago, IL 60640, USA",Chicago,IL,,,"convenience_store,establishment,food,point_of_interest,store",85,High,5,4.0,False,True,2026-02-04,41.9733698,-87.658357,ChIJKS9vzSrSD4gRP2YDvSR_nms
Metro Mart,restaurants,"651 Kapkowski Rd, Elizabeth, NJ 07201, USA",New York,NY,(908) 436-3605,https://www.simon.com/mall/the-mills-at-jersey-gardens/stores/metro-mart,"convenience_store,establishment,food,point_of_interest,store",85,High,21,4.1,True,False,2026-02-04,40.6595154,-74.16943359999999,ChIJH62MqH9NwokRL6s0Y7qehfc
Convenient Etc,restaurants,"3723 N Harlem Ave, Chicago, IL 60634, USA",Chicago,IL,(773) 725-4240,,"convenience_store,establishment,food,liquor_store,point_of_interest,store",85,High,9,5.0,True,False,2026-02-04,41.9477638,-87.8068196,ChIJKbj556_LD4gRxZbLXI9ksig
WHEATON CONVENIENCE,restaurants,"1026 College Ave, Wheaton, IL 60187, USA",Chicago,IL,(331) 444-8339,,"convenience_store,establishment,food,point_of_interest,store",85,High,22,4.3,True,False,2026-02-04,41.8689209,-88.0907904,ChIJOXNt7kxVDogRdP9Ubdp2cUE
Market Grocery & Deli,restaurants,"2003 1st Ave, Seattle, WA 98121, USA",Seattle,WA,(206) 441-6086,,"convenience_store,establishment,food,point_of_interest,store",85,High,50,4.6,True,False,2026-02-04,47.6111245,-122.3430032,ChIJq20qL00VkFQRUFt1EMX4HRs
Prince Smoke N Convenient Shop Inc,restaurants,"6006 S Cass Ave, Westmont, IL 60559, USA",Chicago,IL,(331) 777-5661,https://princesmokenconvenient.com/,"convenience_store,establishment,food,point_of_interest,store",85,High,48,4.6,True,True,2026-02-04,41.7786431,-87.9753786,ChIJhU2Sp_FPDogRmTyiqQOAoE8
A One Food Mart & Beauty Supply,restaurants,"1329 W 18th St, Chicago, IL 60608, USA",Chicago,IL,(312) 733-3162,,"convenience_store,establishment,food,point_of_interest,store",85,High,19,4.5,True,False,2026-02-04,41.85780339999999,-87.6601335,ChIJp0t1WwAtDogR81OJqMVb8CU
Ogden Convenient Food & Liquor,restaurants,"2950 Ogden Ave, Lisle, IL 60532, USA",Chicago,IL,(630) 357-1517,https://ogdenconvenient.com/,"convenience_store,establishment,food,liquor_store,point_of_interest,store",85,High,46,4.5,True,True,2026-02-04,41.7968313,-88.1097198,ChIJuwyYhMJWDogR5BkIcpPjZBs
MIDWOOD CONVENIENCE CORP.,restaurants,"1703 Avenue M, Brooklyn, NY 11230, USA",New York,NY,,,"convenience_store,establishment,food,point_of_interest,store",85,High,1,5.0,False,True,2026-02-04,40.6183778,-73.9578894,ChIJhXq_SdlFwokRCx9xnDFj2M4
Alys convenience store,restaurants,"1104 N Dearborn St, Chicago, IL 60610, USA",Chicago,IL,(773) 858-8971,,"convenience_store,establishment,food,point_of_interest,store",85,High,26,4.7,True,True,2026-02-04,41.9021426,-87.6300861,ChIJsRbT2RfTD4gR4JFJLhBk298
Convenient Deli & Grocery,restaurants,"1201 Laguna St, San Francisco, CA 94115, USA",San Francisco,CA,(415) 931-2810,,"establishment,food,grocery_or_supermarket,point_of_interest,store",85,High,11,4.5,True,False,2026-02-04,37.7822462,-122.4275817,ChIJv7X2T7yAhYARXXiqJA482iE
LAntica Pizzeria da Michele,restaurants,"1534 N McCadden Pl, Los Angeles, CA 90028, USA",Los Angeles,CA,(323) 366-2408,https://damicheleusa.com/,"bar,establishment,food,night_club,point_of_interest,restaurant,store",80,High,2012,4.5,True,True,2026-02-04,34.0990608,-118.3373107,ChIJm_JlplW_woARfUC7uDz1_OA
Taqueria El Perez,restaurants,"10317 Central Ave, Oak Lawn, IL 60453, USA",Chicago,IL,(708) 634-2224,https://cashdrop.com/taqueria-el-perez,"establishment,food,point_of_interest,restaurant",80,High,937,4.6,True,True,2026-02-04,41.7045513,-87.7593433,ChIJsSQo3fg7DogRdWG20DJ2A_E
McCormick Market,restaurants,"80 E Cermak Rd C, Chicago, IL 60616, USA",Chicago,IL,(312) 285-2665,http://www.mccormickmarketchicago.com/,"convenience_store,establishment,food,meal_delivery,point_of_interest,store",80,High,59,3.8,True,True,2026-02-04,41.8531016,-87.62401539999999,ChIJzQ5ezX0sDogRAUjJfZmj7so
Pizzeria Bianco,restaurants,"1320 E 7th St Suite 100, Los Angeles, CA 90021, USA",Los Angeles,CA,(213) 372-5155,https://www.pizzeriabianco.com/los-angeles,"establishment,food,point_of_interest,restaurant",80,High,650,4.5,False,True,2026-02-04,34.0343553,-118.2415658,ChIJU4B7dFzHwoARzYn5dctIk0I
La Cocina Jalisciense,restaurants,"3224 95th St, Evergreen Park, IL 60805, USA",Chicago,IL,(708) 424-1111,https://lacocinajalisciense.shop/,"establishment,food,point_of_interest,restaurant",80,High,928,4.3,True,True,2026-02-04,41.7209268,-87.70267419999999,ChIJ670lg7Y6DogRSzKE6wc0xpE
Golden Boy Pizza,restaurants,"542 Green St, San Francisco, CA 94133, USA",San Francisco,CA,(415) 982-9738,http://www.goldenboypizza.com/,"establishment,food,point_of_interest,restaurant",80,High,4769,4.7,True,True,2026-02-04,37.7997625,-122.4080927,ChIJmx3iW_GAhYARrlV9H2vyE-E
Birria Huentitan Restaurant,restaurants,"4019 W North Ave, Chicago, IL 60639, USA",Chicago,IL,(773) 276-0768,https://birriahuentitanrestaurant.cfd/,"establishment,food,point_of_interest,restaurant",80,High,2042,4.3,True,True,2026-02-04,41.90972130000001,-87.7272888,ChIJXaK51STND4gRrF8eEmMnH0k
Marris Pizza & Pasta Restaurant,restaurants,"Palo Verde Square, 6436 E Stearns St, Long Beach, CA 90815, USA",Los Angeles,CA,(562) 596-5771,http://marrispizzalongbeach.com/,"establishment,food,point_of_interest,restaurant,store",80,High,1197,4.6,True,True,2026-02-04,33.7950519,-118.1071615,ChIJhWTVRx8u3YARzLBrmaAX-yI
Nine Pies Pizzeria,restaurants,"3861 1st Ave S, Seattle, WA 98134, USA",Seattle,WA,(206) 582-0777,https://ninepiespizza.com/,"bar,establishment,food,point_of_interest,restaurant",80,High,661,4.7,True,True,2026-02-04,47.5679478,-122.3352653,ChIJJ-bV3sxBkFQRrJ8oL-VF_ag
7-Eleven,restaurants,"48 N Wells St, Chicago, IL 60606, USA",Chicago,IL,(312) 332-9262,https://www.7-eleven.com/locations/il/chicago/48-n-wells-street-32889?utm_source=G&utm_medium=local&utm_campaign=google-local,"cafe,convenience_store,establishment,food,liquor_store,point_of_interest,restaurant,store",80,High,64,2.2,True,True,2026-02-04,41.8830469,-87.6340719,ChIJbbgpnbksDogRHacQDJXel0Q
Restaurant Los Molcajetes,restaurants,"3532 W Montrose Ave, Chicago, IL 60618, USA",Chicago,IL,(773) 267-1834,https://restaurantlosmolcajetesil.com/,"establishment,food,point_of_interest,restaurant",80,High,531,4.3,True,False,2026-02-04,41.9612428,-87.7170507,ChIJlU0hAerND4gR2eBgV0H2stg
Cafe El Tapatio,restaurants,"9707 N Milwaukee Ave, Glenview, IL 60025, USA",Chicago,IL,(224) 470-5120,https://linktr.ee/cafeeltapatiogv,"bar,establishment,food,point_of_interest,restaurant",80,High,952,4.4,False,True,2026-02-04,42.0585156,-87.84064149999999,ChIJJajIBOLHD4gRecYPf0qkKWA
La Cocina De Mama,restaurants,"5721 W 95th St, Oak Lawn, IL 60453, USA",Chicago,IL,(708) 930-7050,http://lacocinademama.info/,"establishment,food,point_of_interest,restaurant",80,High,1100,4.7,True,True,2026-02-04,41.719383,-87.7636859,ChIJIW0MVvE7DogRJDHfeBThHvI
Mamma's Brick Oven Pizza & Pasta,restaurants,"1007 Fair Oaks Ave, South Pasadena, CA 91030, USA",Los Angeles,CA,(626) 799-1344,http://mammasbrickoven.com/index.html,"bar,establishment,food,meal_delivery,point_of_interest,restaurant",80,High,1120,4.5,True,False,2026-02-04,34.1144973,-118.150714,ChIJlx6uYY7EwoARjhdtZVCzzCA
Sabroso! Mexican Grill,restaurants,"624 N Ashland Ave, Chicago, IL 60622, USA",Chicago,IL,(773) 290-8400,http://sabrosochicago.com/,"establishment,food,point_of_interest,restaurant",80,High,884,4.8,True,True,2026-02-04,41.8932267,-87.6674153,ChIJxy9weE0tDogRyEJztLiZn1Q
Taqueria Los Altos De Jalisco,restaurants,"1922 S Cicero Ave, Cicero, IL 60804, USA",Chicago,IL,(708) 656-5130,,"establishment,food,point_of_interest,restaurant",80,High,1021,4.3,True,False,2026-02-04,41.85402800000001,-87.7446313,ChIJ9fJL3qgzDogR01_XecLEDSE
El Greco's Burritos,restaurants,"24 E Adams St, Chicago, IL 60603, USA",Chicago,IL,(312) 285-2057,http://grecosburritos.com/,"establishment,food,point_of_interest,restaurant",80,High,1101,4.5,True,True,2026-02-04,41.8796916,-87.62670729999999,ChIJW1qxudQtDogRn3-SXJZfZMM
EL TRAGON TAQUERIA,restaurants,"1234 N Halsted St UNIT C Mobil, Gas Station Plaza, Chicago, IL 60642, USA",Chicago,IL,(312) 374-1458,https://www.eltragontaqueria.com/,"establishment,food,point_of_interest,restaurant",80,High,665,4.7,False,True,2026-02-04,41.9046922,-87.6486153,ChIJ5193l6_TD4gR-iM13buv_J8
La Cantina Grill,restaurants,"1911 S Michigan Ave, Chicago, IL 60616, USA",Chicago,IL,(312) 842-1911,http://www.lacantinagrill.com/,"bar,establishment,food,point_of_interest,restaurant",80,High,2581,4.4,True,False,2026-02-04,41.8563107,-87.6236981,ChIJS0MMs4AsDogR0JGhIqqBxh0
Buena Vista | Mexican Restaurant Lakeview,restaurants,"3147 N Broadway, Chicago, IL 60657, USA",Chicago,IL,(773) 871-5782,http://www.buenachicago.com/,"establishment,food,point_of_interest,restaurant",80,High,550,4.7,True,False,2026-02-04,41.9389445,-87.64414889999999,ChIJK3yyuKbTD4gRaQTX1n6-VrM
Vito's Pizza,restaurants,"846 N La Cienega Blvd #4708, Los Angeles, CA 90069, USA",Los Angeles,CA,(310) 652-6859,http://www.vitopizza.com/,"establishment,food,point_of_interest,restaurant",80,High,616,4.5,True,False,2026-02-04,34.086588,-118.3760066,ChIJW-DOGrq-woARP67ucIJsPRQ
Jarabe - Taqueria,restaurants,"1104 W Taylor St, Chicago, IL 60607, USA",Chicago,IL,(312) 725-0507,http://www.jarabechicago.com/,"establishment,food,point_of_interest,restaurant",80,High,674,4.5,True,False,2026-02-04,41.8697104,-87.6545293,ChIJ97LFfG4tDogRNbWOcTA_pFc
El Pueblito Restaurant,restaurants,"1948 SE Lund Ave #5525, Port Orchard, WA 98366, USA",Seattle,WA,(360) 895-8000,http://www.elpueblitorestaurant.com/,"establishment,food,point_of_interest,restaurant",80,High,999,4.5,False,True,2026-02-04,47.518406,-122.6272045,ChIJK1lMkypIkFQRUns9y6NRUd8
